"Timestamp","CAF","Ghana","Guinea","Inland_Africa","Inland_Angola","Offshore_Africa","Offshore_Angola","Warri","pc_CAF","pc_Ghana","pc_Guinea","pc_Inland_Africa","pc_Inland_Angola","pc_Offshore_Africa","pc_Offshore_Angola","pc_Warri"
"20/07/2011 03:00 UTC",0.0,0.0,0.0,0.0032075835480055419,1.3102160062393287e-05,0.00037759005509926128,0.0012126899517975996,4.2002449999999999e-09,0.0,0.0,0.0,66.672284477706327,0.27233926408417231,7.8485224758009187,25.206766476832492,8.7305576090197524e-05
"20/07/2011 06:00 UTC",0.0,0.0,0.0,0.0030585221255492504,1.4440651246345863e-05,0.00030585493907868487,0.0012483333242246011,2.8059966671677232e-08,0.0,0.0,0.0,66.099065097910739,0.31208325707862228,6.6099654338936613,26.978279794852028,0.0006064162649610798
"20/07/2011 09:00 UTC",0.0,0.0,0.0,0.0029394743325590325,1.7091630363458842e-05,0.00026725804877196301,0.0011966684518621463,8.934819894312021e-08,0.0,0.0,0.0,66.495191305862988,0.38663757603145121,6.0457663753954369,27.070383556297408,0.0020211864127368659
"20/07/2011 12:00 UTC",0.0,0.0,0.0,0.002878440096894589,2.31923205237507e-05,0.00026186175245196993,0.0010844026784657427,5.4756483243369436e-08,0.0,0.0,0.0,67.760661247388086,0.54596480095109934,6.1644240992502857,25.5276608432989,0.001289009111620958
"20/07/2011 15:00 UTC",0.0,0.0,0.0,0.0028961642035885702,2.434696323655364e-05,0.00026880476702589488,0.0010236140086941736,1.4405621236069236e-07,0.0,0.0,0.0,68.742305604949195,0.57789070981743085,6.380252687352896,24.296131731748368,0.0034192661321205122
"20/07/2011 18:00 UTC",0.0,0.0,0.0,0.0030577301253480985,2.266497348976492e-05,0.00026878912181909438,0.0011032339800200856,1.2640048825618566e-07,0.0,0.0,0.0,68.67376745755324,0.50903417079377822,6.0367530456348071,24.777606488913158,0.0028388371050366281
"20/07/2011 21:00 UTC",0.0,0.0,0.0,0.0032264630914848823,1.6123361537093538e-05,0.00034362649412242362,0.0012728952116026942,1.0387598414858838e-07,0.0,0.0,0.0,66.398894891264703,0.33181020753677204,7.0716505405887116,26.19550664808758,0.0021377125222388788
"20/07/2011 00:00 UTC",0.0,0.0,0.0,0.0028530356166599391,1.1961435143254372e-05,0.00035466777832388415,0.001590432869456943,0.0,0.0,0.0,0.0,59.313465023936438,0.24867343431067532,7.3734007181300285,33.064460823622866,0.0
"21/07/2011 03:00 UTC",0.0,0.0,0.0,0.0031115456204305076,1.329277859477412e-05,0.00054098443041250067,0.0014824637258817619,1.5952428853902422e-07,0.0,0.0,0.0,60.43659722405733,0.25819010997170644,10.50772256419712,28.79439160785795,0.0030984939158801043
"21/07/2011 06:00 UTC",0.0,0.0,0.0,0.0031010833850266479,1.2875725527831549e-05,0.0005391604842426899,0.0013861050734256259,3.7058829495478061e-07,0.0,0.0,0.0,61.534373837184475,0.25549126214410312,10.698487811008022,27.504293556768573,0.00735353289483904
"21/07/2011 09:00 UTC",0.0,0.0,0.0,0.0031007221518916041,1.2667781886632309e-05,0.00049760082172117586,0.0012642285445800192,1.7765060937952126e-07,0.0,0.0,0.0,63.599378332743242,0.25983077921157927,10.206365281720771,25.930781787960981,0.0036438183634344328
"21/07/2011 12:00 UTC",0.0,0.0,0.0,0.003107226178798236,1.8046504029272874e-05,0.00045981318822066117,0.0011240421465220527,2.9833554565999356e-07,0.0,0.0,0.0,65.978867611814579,0.38319962297176219,9.7636772240091716,23.867920681642175,0.0063348595623033107
"21/07/2011 15:00 UTC",0.0,0.0,0.0,0.0031399823563342624,1.8016014289026269e-05,0.00045149202917278111,0.0010729915169654354,1.1502004268086528e-07,0.0,0.0,0.0,67.056430410541807,0.38474407539594835,9.6419152719328167,22.914453911929876,0.0024563301995273804
"21/07/2011 18:00 UTC",0.0,0.0,0.0,0.0033184167456749868,8.398226773104091e-06,0.00053989597548117303,0.0012135311641404745,5.7546094224074701e-07,0.0,0.0,0.0,65.312652894714802,0.16529282251174204,10.626163362939149,23.884564771355809,0.0113261484784939
"21/07/2011 21:00 UTC",0.0,0.0,0.0,0.003359228639952709,7.4310743384997687e-06,0.00069769845794240498,0.0015601792714296232,1.3195187898155118e-06,0.0,0.0,0.0,59.71052343442409,0.13208786480166007,12.401638765415505,27.732295396812496,0.023454538546251267
"21/07/2011 00:00 UTC",0.0,0.0,0.0,0.0027099470273776443,1.2566656283937969e-05,0.00065130507554863085,0.0021034334754764599,3.1065227068724286e-08,0.0,0.0,0.0,49.4761157857276,0.22943228596804319,11.891024069521617,38.402860693906149,0.00056716487659518196
"22/07/2011 03:00 UTC",0.0,0.0,0.0,0.003170509167612134,2.1572108353802479e-05,0.00064491210403134678,0.0019131157049146631,1.1193022367158753e-06,0.0,0.0,0.0,55.127512840504764,0.37508697102007243,11.213467117258416,33.264471103070655,0.019461968146092034
"22/07/2011 06:00 UTC",0.0,0.0,0.0,0.0032387463182176552,2.2385112614756411e-05,0.00046052789543502817,0.0017277851896932478,1.036914866410435e-06,0.0,0.0,0.0,59.42128891403604,0.41069973173653251,8.4493067498652881,31.699680324038098,0.019024280324042596
"22/07/2011 09:00 UTC",0.0,0.0,0.0,0.0032376430774693253,3.0647753549900606e-05,0.00031119953339076901,0.0016258914473392286,3.9644172489248566e-07,0.0,0.0,0.0,62.193257565449699,0.58872568245579038,5.9779636826268518,31.232437652413982,0.0076154170536925445
"22/07/2011 12:00 UTC",0.0,0.0,0.0,0.0033347882032285971,3.3173923454792834e-05,0.0002184052737288185,0.0014997492552231066,3.0879822485717053e-08,0.0,0.0,0.0,65.566092607033184,0.65224068361215704,4.2941199052174168,29.486939668338096,0.0006071357991572217
"22/07/2011 15:00 UTC",0.0,0.0,0.0,0.0034024044906819455,3.7134720158306931e-05,0.00017836385486845428,0.0014547971868827843,0.0,0.0,0.0,0.0,67.07284722655865,0.73205035403650975,3.5161520686607397,28.678950350744103,0.0
"22/07/2011 18:00 UTC",0.0,0.0,0.0,0.0035306498726023774,4.8352781158003897e-05,0.00016936119498323199,0.0015859937281943941,0.0,0.0,0.0,0.0,66.18697418910223,0.90644056872091139,3.1749126776845662,29.73167256449231,0.0
"22/07/2011 21:00 UTC",0.0,0.0,0.0,0.0035553016945303701,6.7374363080657237e-05,0.00019106781305501381,0.0018488521544751386,0.0,0.0,0.0,0.0,62.785720166956985,1.1898140496253653,3.3742087941060586,32.650256989311593,0.0
"22/07/2011 00:00 UTC",0.0,0.0,0.0,0.0030601018831359988,8.0026765520827578e-05,0.00017905509687965449,0.0021661237518933343,0.0,0.0,0.0,0.0,55.787244098345155,1.458929432093365,3.2642672623832336,39.489559207178246,0.0
"23/07/2011 03:00 UTC",0.0,0.0,0.0,0.0034281166164991383,0.00011638639896251264,0.00016713997434054462,0.0018933084662177643,0.0,0.0,0.0,0.0,61.162289154479531,2.0764925419203877,2.9820057435293053,33.779212560070775,0.0
"23/07/2011 06:00 UTC",0.0,0.0,0.0,0.0034185985566814164,0.0001411584004169054,0.00012036787723865618,0.001709441337231492,0.0,0.0,0.0,0.0,63.429939402460974,2.6191050619539111,2.2333500212620412,31.717605514323076,0.0
"23/07/2011 09:00 UTC",0.0,0.0,0.0,0.0034276641201593425,0.00015505047477606235,8.9836481616518678e-05,0.0015014821441469344,0.0,0.0,0.0,0.0,66.247431625426771,2.9967042761878449,1.7362950291297981,29.019569069255585,0.0
"23/07/2011 12:00 UTC",0.0,0.0,0.0,0.0034441897566999087,0.00015587846555257953,7.3009548912499538e-05,0.0012959587588742844,0.0,0.0,0.0,0.0,69.313029515455938,3.1369957658843686,1.4692898406187107,26.080684878040973,0.0
"23/07/2011 15:00 UTC",0.0,0.0,0.0,0.0035215455749957594,0.00013400493755082242,8.2274685857897445e-05,0.001208880155300344,2.2774948890159587e-08,0.0,0.0,0.0,71.189389903951962,2.7089610357724019,1.6632142239902934,24.437974431987815,0.00046040429750397342
"23/07/2011 18:00 UTC",0.0,0.0,0.0,0.0036289792045287573,0.00013416946380632287,0.0001161606431223243,0.0012229902633036278,1.1203031525814418e-07,0.0,0.0,0.0,71.122823586367588,2.6295303905478784,2.2765831554388583,23.968867233033464,0.0021956346122035193
"23/07/2011 21:00 UTC",0.0,0.0,0.0,0.0037402307339159144,0.00013554993787985884,0.00015691098168673154,0.0012433984560458525,5.0403429068098265e-08,0.0,0.0,0.0,70.889520943016151,2.5691115986575435,2.9739727609865816,23.566439388644948,0.00095530869476115831
"23/07/2011 00:00 UTC",0.0,0.0,0.0,0.003361358589144413,9.0331580444649593e-05,0.00019279322068535039,0.0014170164008604151,0.0,0.0,0.0,0.0,66.41032752844923,1.7846801179931797,3.8090137042586862,27.995978649298902,0.0
"24/07/2011 03:00 UTC",0.0,0.0,0.0,0.003595629768755289,0.00010302584683602686,0.0002391965018746677,0.0012925223379654199,3.1708138616493151e-08,0.0,0.0,0.0,68.744752440049268,1.9697484978051196,4.5731917253516663,24.711701109712809,0.00060622708112692189
"24/07/2011 06:00 UTC",0.0,0.0,0.0,0.0035281242533434808,0.0001068916751879642,0.00021985299648351824,0.0012789106640412522,2.903646441600238e-08,0.0,0.0,0.0,68.723330195926152,2.0821125792768345,4.2824540710498811,24.911537560704357,0.00056559304278814497
"24/07/2011 09:00 UTC",0.0,0.0,0.0,0.0034680293164175971,0.00012857368019453835,0.0001760500638218956,0.0011651719909046257,1.0679327878260389e-08,0.0,0.0,0.0,70.233792810873112,2.6038468512840298,3.5653284844721114,23.596815577891743,0.000216275478990445
"24/07/2011 12:00 UTC",0.0,0.0,0.0,0.0034635292342682284,0.00014053908515908732,0.00013412925629698424,0.0010056382605591785,1.2858599506290053e-07,0.0,0.0,0.0,73.009173888464446,2.9624818537653774,2.8273664040794286,21.198267335996736,0.0027105176939994893
"24/07/2011 15:00 UTC",0.0,0.0,0.0,0.0034762787029629667,0.00012727435863228452,0.00011247629813438037,0.00090155162143738289,4.7809175674360173e-08,0.0,0.0,0.0,75.282766562640504,2.7562709003042034,2.4358020802714453,19.524125094743184,0.0010353620406722236
"24/07/2011 18:00 UTC",0.0,0.0,0.0,0.0035327728142988948,0.00013044136941120282,0.00010769126021316525,0.00085362122225418667,5.0621277382219236e-08,0.0,0.0,0.0,76.391259021279751,2.8206117295315458,2.3286725146815281,18.458362120356796,0.001094614150347112
"24/07/2011 21:00 UTC",0.0,0.0,0.0,0.0036834104053378404,0.00017528359385506881,0.00013720947999286176,0.00081445010765879571,1.2096096603333393e-07,0.0,0.0,0.0,76.570624555414767,3.6437900692114868,2.8523065371026686,16.930764305352746,0.0025145329183455948
"24/07/2011 00:00 UTC",0.0,0.0,0.0,0.0035535145233117522,0.00014761471901891378,0.00017296049820227579,0.00096755937874560118,5.6818876172489332e-09,0.0,0.0,0.0,73.394627854423931,3.0488484842694552,3.5723426246872565,19.984063682370643,0.00011735424871431138
"25/07/2011 03:00 UTC",0.0,0.0,0.0,0.0035304203858354533,0.00015922551214928433,0.00024805888651357636,0.00081124720553863382,1.1232843291181878e-07,0.0,0.0,0.0,74.339283469063417,3.3527764938880953,5.223321266651122,17.082253495358348,0.0023652750390209666
"25/07/2011 06:00 UTC",0.0,0.0,0.0,0.0034051249392911603,0.00015823495660912478,0.00029788773257431305,0.00086379303658272195,2.5751757337605926e-07,0.0,0.0,0.0,72.061588659267201,3.3486766441696023,6.3041044408433766,18.280180492267391,0.0054497634524450812
"25/07/2011 09:00 UTC",0.0,0.0,0.0,0.0032066069577174174,0.00019096658244027525,0.00025780941046874473,0.00088192388593497529,6.2764386760574876e-07,0.0,0.0,0.0,70.662257719821966,4.2082269645775305,5.6812060989556485,19.434478169274882,0.013831047369956981
"25/07/2011 12:00 UTC",0.0,0.0,0.0,0.0030654256828721868,0.00025353432734335975,0.00018386094171822116,0.00086383814233104909,4.6968399549657306e-07,0.0,0.0,0.0,70.193159820062093,5.8055152530756722,4.2101103735132792,19.780459569483249,0.010754983865707666
"25/07/2011 15:00 UTC",0.0,0.0,0.0,0.0030063348992886607,0.00029555092276712812,0.00011366789478735275,0.0008013122448310094,5.3438353923886586e-07,0.0,0.0,0.0,71.284076758345975,7.0078934550894285,2.6952123460691149,19.000146517758797,0.012670922736689525
"25/07/2011 18:00 UTC",0.0,0.0,0.0,0.0030082224267612692,0.00041631183207902292,7.5887975201141357e-05,0.00093908876168065727,4.813443832249439e-07,0.0,0.0,0.0,67.752874246848691,9.3764087905869697,1.7091915793562229,21.150684274792741,0.01084110841537007
"25/07/2011 21:00 UTC",0.0,0.0,0.0,0.0030485646878343989,0.00055772679066442752,6.7574877946174081e-05,0.00095908981753199912,3.0318887383970102e-07,0.0,0.0,0.0,65.797410615032362,12.037461039549031,1.4584738874750869,20.700110708714398,0.0065437492291204099
"25/07/2011 00:00 UTC",0.0,0.0,0.0,0.0029077245825722482,0.00052522994814041849,6.9081167877402597e-05,0.0012249315554456706,3.8583936241307804e-08,0.0,0.0,0.0,61.513031340357806,11.111260830719788,1.4614149050224223,25.913476679165697,0.00081624473427478132
"26/07/2011 03:00 UTC",0.0,0.0,0.0,0.002777084323695154,0.00067397776322162921,8.6542324137784185e-05,0.00098293846419321667,8.9074664419607384e-07,0.0,0.0,0.0,61.420437762239935,14.906284589877608,1.9140461051725188,21.739531007024031,0.019700535685921311
"26/07/2011 06:00 UTC",0.0,0.0,0.0,0.0026181093906911747,0.00064755958361781393,9.6867763963119131e-05,0.00093769390096323324,5.9548766856139682e-07,0.0,0.0,0.0,60.874569523132784,15.056632482001358,2.2523059780808374,21.802646126460928,0.013845890324101039
"26/07/2011 09:00 UTC",0.0,0.0,0.0,0.0025124571210741165,0.0006380778029973338,9.7121873612868075e-05,0.000856155715363873,7.7607894180187404e-07,0.0,0.0,0.0,61.210936608290446,15.545475233316374,2.3661780331017606,20.85850253140206,0.018907593889345535
"26/07/2011 12:00 UTC",0.0,0.0,0.0,0.0024699801012726093,0.00067164020255750531,8.1845333661906345e-05,0.00075290200757956454,4.407645159859111e-07,0.0,0.0,0.0,62.109607677297355,16.888925323590328,2.0580657962950339,18.932317829654931,0.011083373162340048
"26/07/2011 15:00 UTC",0.0,0.0,0.0,0.0025053811336293551,0.00062295672283645283,7.757575048456329e-05,0.00074192313475033417,7.1935088357730004e-07,0.0,0.0,0.0,63.450564583207246,15.776823431897483,1.9646612246501198,18.789732685923536,0.018218074321605836
"26/07/2011 18:00 UTC",0.0,0.0,0.0,0.0027196750159517794,0.00055723862612385225,0.00010988545642735106,0.00086758239846549822,1.0030889405505463e-06,0.0,0.0,0.0,63.911380065564735,13.094906344518224,2.5822685167215602,20.387872845578915,0.023572227616561414
"26/07/2011 21:00 UTC",0.0,0.0,0.0,0.0029373158254876654,0.00054906907851351536,0.00014790930377163824,0.0009553314534574926,7.2694411522479759e-07,0.0,0.0,0.0,63.98889318583317,11.961370415730503,3.2221773900200077,20.811722662546543,0.015836345869776104
"26/07/2011 00:00 UTC",0.0,0.0,0.0,0.0027709294429607658,0.00042066563043224387,0.00015069677037860961,0.0011700874120784345,5.2341607681323233e-07,0.0,0.0,0.0,61.40015959567917,9.3213982443949526,3.339242641239299,25.927601305410917,0.011598213275664335
"27/07/2011 03:00 UTC",0.0,0.0,0.0,0.0027612363732655949,0.00054666280524637962,0.00014906621453810879,0.0010064019590099377,1.0234729199406929e-06,0.0,0.0,0.0,61.850238509931273,12.244958532474211,3.3390045894733662,22.542873114484884,0.022925253636262612
"27/07/2011 06:00 UTC",0.0,0.0,0.0,0.0025969211481040458,0.00058641964613166339,0.00012734621015019382,0.00091843742381077914,4.5304382345099119e-07,0.0,0.0,0.0,61.399067998716738,13.864733534519639,3.0108494522827751,21.714637688669988,0.010711325810864227
"27/07/2011 09:00 UTC",0.0,0.0,0.0,0.0025220743614180062,0.00062071964117052882,0.0001065093323507658,0.00081795730245249102,4.2532274562051331e-07,0.0,0.0,0.0,62.002681282033066,15.259772933640139,2.6184256453063983,20.108664003768357,0.010456135252047465
"27/07/2011 12:00 UTC",0.0,0.0,0.0,0.0025406436362849522,0.00060254846123370374,0.00011728558940137566,0.00075774624314644905,4.7200410757532016e-08,0.0,0.0,0.0,63.227282425394904,14.995216640897519,2.9188072579723103,18.857519030988176,0.0011746447470787308
"27/07/2011 15:00 UTC",0.0,0.0,0.0,0.0025978881468141082,0.00058486393021400004,0.00013115255898630955,0.00067055298963639707,1.136895175e-07,0.0,0.0,0.0,65.198686165424277,14.678214642251785,3.2915098918431447,16.82873605709506,0.0028532433857366558
"27/07/2011 18:00 UTC",0.0,0.0,0.0,0.0028127294218633771,0.00055274168880983961,0.00015593987899896637,0.00066482165894833612,2.4224739894518342e-08,0.0,0.0,0.0,67.189604148813928,13.203721260567077,3.7250432478547237,15.88105266972466,0.00057867303959951543
"27/07/2011 21:00 UTC",0.0,0.0,0.0,0.0030769863880783319,0.0005508621958054535,0.00016723231710402098,0.00071039923216393663,2.4906163996120805e-08,0.0,0.0,0.0,68.293928454814036,12.22642502890451,3.7117329942975479,15.767360727929105,0.00055279405480153138
"27/07/2011 00:00 UTC",0.0,0.0,0.0,0.0029370075537411312,0.0005348872725358261,0.00014317912514330989,0.00093721389022498758,0.0,0.0,0.0,0.0,64.51717588841349,11.749856141401443,3.1452124760978015,20.587755494087268,0.0
"28/07/2011 03:00 UTC",0.0,0.0,0.0,0.002699950462419348,0.00071732086378062561,9.3598319467019578e-05,0.00069332490140256852,0.0,0.0,0.0,0.0,64.220397800127671,17.062028308861631,2.2263079983360945,16.491265892674615,0.0
"28/07/2011 06:00 UTC",0.0,0.0,0.0,0.0023820563287894388,0.00082803749035676051,5.625341752724431e-05,0.00056509592421964217,0.0,0.0,0.0,0.0,62.171255810413648,21.611634456917013,1.4682044118888087,14.748905320780533,0.0
"28/07/2011 09:00 UTC",0.0,0.0,0.0,0.0021245719840486529,0.0009146318595530861,4.0574426091042008e-05,0.0004650241921917299,0.0,0.0,0.0,0.0,59.934848468796595,25.802054399015606,1.1446174089337424,13.118479723254048,0.0
"28/07/2011 12:00 UTC",0.0,0.0,0.0,0.002046251773089475,0.00098559811202892115,4.1799565826838255e-05,0.00042464533925436041,0.0,0.0,0.0,0.0,58.492834246616653,28.173672350027651,1.1948554462573859,12.138637957098302,0.0
"28/07/2011 15:00 UTC",0.0,0.0,0.0,0.0020660209795492468,0.0010343049092749748,4.9067999820304886e-05,0.00041604476852665444,0.0,0.0,0.0,0.0,57.945772686170059,29.009190978357545,1.3762121449380211,11.668824190534366,0.0
"28/07/2011 18:00 UTC",0.0,0.0,0.0,0.0022043468883907297,0.0010594113467504252,8.5376875367653666e-05,0.00051351627658243598,0.0,0.0,0.0,0.0,57.068232866096288,27.427050504503619,2.2103179089103979,13.294398720489697,0.0
"28/07/2011 21:00 UTC",0.0,0.0,0.0,0.0023909308857719036,0.0010686714221692134,0.00012610695085377225,0.00068648490873614092,0.0,0.0,0.0,0.0,55.964939607453765,25.014579868377464,2.9518075702690139,16.068672953899739,0.0
"28/07/2011 00:00 UTC",0.0,0.0,0.0,0.0024215148474595713,0.0010010780152810298,0.00012222788133095432,0.0010421329681069859,0.0,0.0,0.0,0.0,52.791351284630473,21.824462989960601,2.6646853009751226,22.719500424433807,0.0
"29/07/2011 03:00 UTC",0.0,0.0,0.0,0.0023943192887918457,0.0011158524870846062,9.7671616057747832e-05,0.00084534224394337896,4.2002449999999999e-09,0.0,0.0,0.0,53.766387171955721,25.057375233214547,2.1932955847844822,18.982847690127311,9.4319917959239332e-05
"29/07/2011 06:00 UTC",0.0,0.0,0.0,0.0022205721367687232,0.0011243002188644495,6.5240159916703407e-05,0.00082537653839679813,2.9422945800000001e-08,0.0,0.0,0.0,52.427398177658716,26.544571225417695,1.5403110687069643,19.487024856573463,0.00069467164316532753
"29/07/2011 09:00 UTC",0.0,0.0,0.0,0.0020979964431304529,0.0011113137971276812,4.1682689428316443e-05,0.00070700744014164725,1.9242644607630683e-08,0.0,0.0,0.0,53.006216455298585,28.077521233741603,1.0531198303556633,17.862656312103418,0.00048616850070657341
"29/07/2011 12:00 UTC",0.0,0.0,0.0,0.0020591075344708687,0.0011084466544676226,3.5237191330550878e-05,0.00062768699070792078,3.9256329405029417e-08,0.0,0.0,0.0,53.755333738506764,28.937255021773279,0.91990677916106556,16.386479629629385,0.001024830929511597
"29/07/2011 15:00 UTC",0.0,0.0,0.0,0.0020373931684167998,0.0010838159598443435,3.6092722693557111e-05,0.00064763382044577056,2.5209838100000002e-08,0.0,0.0,0.0,53.545706040310151,28.484286532048269,0.94857013830345593,17.020774737504166,0.00066255183395719501
"29/07/2011 18:00 UTC",0.0,0.0,0.0,0.0021392112603324577,0.00098305331423557897,4.6076112048807452e-05,0.00075440344481377268,0.0,0.0,0.0,0.0,54.533540518032495,25.06034758573615,1.1745887701322897,19.231523126099056,0.0
"29/07/2011 21:00 UTC",0.0,0.0,0.0,0.0023696341727428658,0.0009007073165592681,6.1356861513727097e-05,0.00099194213654736456,0.0,0.0,0.0,0.0,54.806457189690825,20.832151035493819,1.419101835433723,22.942289939381642,0.0
"29/07/2011 00:00 UTC",0.0,0.0,0.0,0.002496881761343433,0.00076322577864973808,6.7108386866505568e-05,0.00152832388340912,0.0,0.0,0.0,0.0,51.423360921948834,15.718659685080141,1.3820994058081988,31.475879987162823,0.0
"30/07/2011 03:00 UTC",0.0,0.0,0.0,0.0024518090870839157,0.00084257018673660183,6.417142021174373e-05,0.0014912252250965478,0.0,0.0,0.0,0.0,50.555100441101352,17.373383859103271,1.323183200251264,30.748332499544112,0.0
"30/07/2011 06:00 UTC",0.0,0.0,0.0,0.0023301132390785443,0.00083831432511287905,6.3675086507831879e-05,0.0014973900528050257,0.0,0.0,0.0,0.0,49.26772034878212,17.725248301826042,1.346340728269912,31.660690621121923,0.0
"30/07/2011 09:00 UTC",0.0,0.0,0.0,0.0022422596612389871,0.00081267924150956882,6.348923279999246e-05,0.0013635926879360725,0.0,0.0,0.0,0.0,50.027872460791144,18.131982726437627,1.4165314107271754,30.423613402044058,0.0
"30/07/2011 12:00 UTC",0.0,0.0,0.0,0.0021758254597961197,0.00083888998622139014,5.4400536264284749e-05,0.0012302167898278144,0.0,0.0,0.0,0.0,50.608444964088683,19.512097125009497,1.2653250899113664,28.614132820990452,0.0
"30/07/2011 15:00 UTC",0.0,0.0,0.0,0.0021457701894857209,0.00083788868431101265,5.3295142219102404e-05,0.0011807544892581841,0.0,0.0,0.0,0.0,50.875260507039535,19.865969477579529,1.2636042095479016,27.995165805833032,0.0
"30/07/2011 18:00 UTC",0.0,0.0,0.0,0.0022452455582212517,0.00083938956729709923,5.5465820130186553e-05,0.0012710019846498811,0.0,0.0,0.0,0.0,50.899867758682227,19.029017925009363,1.2574138714653436,28.813700444843072,0.0
"30/07/2011 21:00 UTC",0.0,0.0,0.0,0.0024445233721014752,0.00089079831110179281,4.756622997227458e-05,0.0014058557351157731,0.0,0.0,0.0,0.0,51.047279863763684,18.601921015747859,0.9932924680411076,29.357506652447356,0.0
"30/07/2011 00:00 UTC",0.0,0.0,0.0,0.0024193051086073311,0.00078165830477667651,5.36962590936224e-05,0.0017644748355756588,0.0,0.0,0.0,0.0,48.201639241297762,15.573567584660108,1.0698310437280736,35.154962130314068,0.0
"31/07/2011 03:00 UTC",0.0,0.0,0.0,0.0023740147973855758,0.00079407556824454136,6.737719365867238e-05,0.0015571901663848115,0.0,0.0,0.0,0.0,49.534411453342649,16.568584983458944,1.405841967343967,32.491161595854429,0.0
"31/07/2011 06:00 UTC",0.0,0.0,0.0,0.0022468934106092196,0.00078179364460990042,6.4037377103158864e-05,0.0014069227326819929,0.0,0.0,0.0,0.0,49.934879963128992,17.37455440262633,1.4231644116722222,31.267401222572467,0.0
"31/07/2011 09:00 UTC",0.0,0.0,0.0,0.0021206633457562614,0.00081971873382296332,5.3905852172521567e-05,0.001185958571113016,0.0,0.0,0.0,0.0,50.730581182304704,19.609339622943345,1.2895376417534081,28.370541552998546,0.0
"31/07/2011 12:00 UTC",0.0,0.0,0.0,0.0020695674330768938,0.00082685291179047666,5.282335734727977e-05,0.0010485571152896625,0.0,0.0,0.0,0.0,51.767647452952701,20.682694049441213,1.3213103843491518,26.228348113256928,0.0
"31/07/2011 15:00 UTC",0.0,0.0,0.0,0.0021476052254531938,0.0007962917468138746,5.4839507047086007e-05,0.00095391248112044796,0.0,0.0,0.0,0.0,54.333315377874079,20.145774511843335,1.3874115206288464,24.13349858965374,0.0
"31/07/2011 18:00 UTC",0.0,0.0,0.0,0.0024217785177866697,0.00065317187607893707,8.9069198108636806e-05,0.0011555504846918771,0.0,0.0,0.0,0.0,56.065267487356472,15.121224207179907,2.0619922012558516,26.751516104207766,0.0
"31/07/2011 21:00 UTC",0.0,0.0,0.0,0.0027809146546149931,0.00055425589264390467,0.00015403148549264289,0.0012229204413900085,0.0,0.0,0.0,0.0,59.016179436669191,11.762340552170782,3.2688345079719983,25.952645503188009,0.0
"31/07/2011 00:00 UTC",0.0,0.0,0.0,0.0028465377275174028,0.00047618222212052853,0.00020176061026670107,0.0015603048231106371,0.0,0.0,0.0,0.0,55.981472433934073,9.3648440642376372,3.9679277505131854,30.685755751315085,0.0
"01/08/2011 03:00 UTC",0.0,0.0,0.0,0.0028829003221256481,0.00049586808382756273,0.00026574770639392056,0.0011710194746972257,0.0,0.0,0.0,0.0,59.866660104885504,10.29725717657738,5.5185493200150804,24.317533398522038,0.0
"01/08/2011 06:00 UTC",0.0,0.0,0.0,0.0028051013475183144,0.00043000376127385123,0.00031363043064630666,0.0010726495482730734,0.0,0.0,0.0,0.0,60.698281884736147,9.3046511622078221,6.786502849119044,23.210564103936999,0.0
"01/08/2011 09:00 UTC",0.0,0.0,0.0,0.0026612841454246804,0.00041540218046277259,0.00032077803278635563,0.00096758654236191221,0.0,0.0,0.0,0.0,60.967997985847589,9.5165483720752864,7.3487810350674891,22.166672607009627,0.0
"01/08/2011 12:00 UTC",0.0,0.0,0.0,0.0025688829574187998,0.00041067703358691225,0.00032082166575776868,0.00087307529191742281,0.0,0.0,0.0,0.0,61.552880238305598,9.840212529728241,7.6871924091410637,20.919714822825092,0.0
"01/08/2011 15:00 UTC",0.0,0.0,0.0,0.0025849503998765138,0.00037597757640779302,0.000315028466685088,0.00075708225242186375,0.0,0.0,0.0,0.0,64.094361475640127,9.3224391037318881,7.8111937543541483,18.772005666273845,0.0
"01/08/2011 18:00 UTC",0.0,0.0,0.0,0.0027053752344433218,0.00029395997015310688,0.00031843760106853167,0.00073565042345920012,0.0,0.0,0.0,0.0,66.742974555555691,7.2521410555152919,7.8560165832310043,18.148867805698028,0.0
"01/08/2011 21:00 UTC",0.0,0.0,0.0,0.0028695523529471871,0.00023414021600539904,0.00035182284004636364,0.00074275434527630861,0.0,0.0,0.0,0.0,68.350833102732679,5.577064593502242,8.3801866158811968,17.691915687883881,0.0
"01/08/2011 00:00 UTC",0.0,0.0,0.0,0.0028613115570568287,0.00019419017859684579,0.00037293779525156664,0.0011004488004152085,0.0,0.0,0.0,0.0,63.179114778981095,4.287811144599968,8.2346432053190473,24.298430871099878,0.0
"02/08/2011 03:00 UTC",0.0,0.0,0.0,0.0028252817008041428,0.00019600808625895098,0.00039671054366145596,0.001010933295409357,0.0,0.0,0.0,0.0,63.791466282830264,4.425627087801943,8.9572474358291867,22.825659193538613,0.0
"02/08/2011 06:00 UTC",0.0,0.0,0.0,0.002591393508154747,0.00020483951113288901,0.00032325541731027688,0.0011447755512956825,0.0,0.0,0.0,0.0,60.770006629791453,4.8036311005706036,7.5805676718892432,26.845794597748711,0.0
"02/08/2011 09:00 UTC",0.0,0.0,0.0,0.002280550860778374,0.00025508643998267276,0.00022155453876248422,0.0011126375244460275,0.0,0.0,0.0,0.0,58.931561221062502,6.5916715180695338,5.7251759166771121,28.751591344190853,0.0
"02/08/2011 12:00 UTC",0.0,0.0,0.0,0.0020488571646346781,0.00035370296452350914,0.00014747617182429154,0.00094903999005945222,0.0,0.0,0.0,0.0,58.554229579961046,10.108466781048261,4.2147172441437997,27.122586394846898,0.0
"02/08/2011 15:00 UTC",0.0,0.0,0.0,0.0019117314367587737,0.0003851264838093826,0.00011947434891329913,0.00079630886725445523,0.0,0.0,0.0,0.0,59.506535445198217,11.98784636744945,3.7188824966204215,24.786735690731906,0.0
"02/08/2011 18:00 UTC",0.0,0.0,0.0,0.0019434345452982544,0.0003531082908063325,0.000125327179877691,0.00087100627040729163,0.0,0.0,0.0,0.0,59.019361077458129,10.723399851547214,3.8060093662098775,26.451229704784772,0.0
"02/08/2011 21:00 UTC",0.0,0.0,0.0,0.0020661665857041604,0.00031442570384352558,0.00014564971862978871,0.0010879447797054644,0.0,0.0,0.0,0.0,57.168229174852549,8.6997635235035791,4.0299444156594095,30.10206288598447,0.0
"02/08/2011 00:00 UTC",0.0,0.0,0.0,0.0020375643463602777,0.00035104347071228154,7.1155013274517803e-05,0.001592824358641466,0.0,0.0,0.0,0.0,50.278112507896942,8.6622064953005005,1.7557922866621136,39.303888710140448,0.0
"03/08/2011 03:00 UTC",0.0,0.0,0.0,0.0019858634462640548,0.00036184125401936067,0.00011209498026938132,0.0015394142391067234,0.0,0.0,0.0,0.0,49.656344625673952,9.0478094267627132,2.8029253378605143,38.492920609702821,0.0
"03/08/2011 06:00 UTC",0.0,0.0,0.0,0.0018878564657479019,0.00036152293820542489,0.00010294931024398401,0.0015091279530133111,0.0,0.0,0.0,0.0,48.889748829206006,9.3623461134571322,2.6660744666170477,39.081830590719832,0.0
"03/08/2011 09:00 UTC",0.0,0.0,0.0,0.001776506524042213,0.00037291905474609664,0.00010663460921844411,0.0013550491486899921,0.0,0.0,0.0,0.0,49.195589454714991,10.326994282793539,2.9529598601405924,37.524456402350872,0.0
"03/08/2011 12:00 UTC",0.0,0.0,0.0,0.0017632948261983687,0.00035702416087141314,0.00011346703209607046,0.0012782992471374337,0.0,0.0,0.0,0.0,50.206492510768655,10.165589209831625,3.2307596055463197,36.397158673853397,0.0
"03/08/2011 15:00 UTC",0.0,0.0,0.0,0.0018474726307834857,0.00028634609359035263,0.00012250313226230361,0.0013616720224634885,0.0,0.0,0.0,0.0,51.063453740370768,7.9144991163338378,3.3859408378211402,37.63610630547425,0.0
"03/08/2011 18:00 UTC",0.0,0.0,0.0,0.0020494886440903192,0.00015788491003318063,0.00011997933006165822,0.0015101691865853737,0.0,0.0,0.0,0.0,53.406563044960023,4.1142410941620744,3.1264792188561334,39.352716642021775,0.0
"03/08/2011 21:00 UTC",0.0,0.0,0.0,0.0022947737520624097,6.9037736390959749e-05,0.00012061226731230131,0.0017204457175664237,0.0,0.0,0.0,0.0,54.574197049782526,1.6418520676755204,2.8683950376401026,40.91555584490186,0.0
"03/08/2011 00:00 UTC",0.0,0.0,0.0,0.0022760146988839961,5.6800817050819619e-05,6.6531412615510868e-05,0.00214308090536408,0.0,0.0,0.0,0.0,50.105687577267588,1.2504506208494215,1.4646663645105811,47.179195437372414,0.0
"04/08/2011 03:00 UTC",0.0,0.0,0.0,0.0024333368374468739,6.255172076765806e-05,0.00011276625772468071,0.0020142572979757242,0.0,0.0,0.0,0.0,52.636450304182617,1.3530804658686408,2.439290536916221,43.571178693032515,0.0
"04/08/2011 06:00 UTC",0.0,0.0,0.0,0.0023352293476921345,6.9611562394040512e-05,0.00010015031203511176,0.0019263383973821234,0.0,0.0,0.0,0.0,52.698163941905726,1.5708956085699943,2.2600510599420254,43.470889389582247,0.0
"04/08/2011 09:00 UTC",0.0,0.0,0.0,0.0022340664769753479,7.3542968856081715e-05,9.8138064845288401e-05,0.0016923728790236602,0.0,0.0,0.0,0.0,54.514417941213409,1.7945536456399367,2.3947091718421545,41.296319241304502,0.0
"04/08/2011 12:00 UTC",0.0,0.0,0.0,0.0021793968283408309,8.2098592150392291e-05,0.00010096846259876474,0.0014143901441820679,4.9667383299072236e-08,0.0,0.0,0.0,57.703267134527835,2.173700967450372,2.6733131358801612,37.448403733024811,0.0013150291168227528
"04/08/2011 15:00 UTC",0.0,0.0,0.0,0.0022322010468802285,8.4395506162420511e-05,9.4730161702685973e-05,0.0012348635057873624,1.0476125583769444e-07,0.0,0.0,0.0,61.218334172879153,2.3145550917831637,2.5979840406718853,33.866253606877756,0.0028730877880403486
"04/08/2011 18:00 UTC",0.0,0.0,0.0,0.0024269020832847735,7.2865086231979607e-05,7.5649168216464121e-05,0.0013448873360350604,2.5614787088250529e-07,0.0,0.0,0.0,61.901927114839971,1.8585377993675194,1.9295501575801919,34.303451476803929,0.0065334514083606439
"04/08/2011 21:00 UTC",0.0,0.0,0.0,0.0026658139854493891,4.5233954261611474e-05,8.6165086193411064e-05,0.0015993438754411987,6.373768267170779e-07,0.0,0.0,0.0,60.625340087484645,1.0287003802891499,1.9595469461318678,36.371917506132078,0.014495079962261766
"04/08/2011 00:00 UTC",0.0,0.0,0.0,0.0025531048826249307,3.6373867837533504e-05,7.1212759643016956e-05,0.0022001360749150513,0.0,0.0,0.0,0.0,52.524078214433231,0.74830606931267774,1.4650336469960628,45.262582069258016,0.0
"05/08/2011 03:00 UTC",0.0,0.0,0.0,0.0026286741925503091,6.4322363221688741e-05,0.00010556133845175017,0.0020987391126365152,7.1435947060700354e-07,0.0,0.0,0.0,53.668192985829357,1.3132342579652483,2.1551876987747134,42.848800373623739,0.014584683806933148
"05/08/2011 06:00 UTC",0.0,0.0,0.0,0.0024823824198750531,7.5717500412485775e-05,9.7841737610471238e-05,0.0019844747773139636,9.7051933114011851e-07,0.0,0.0,0.0,53.483634184933237,1.6313550486966282,2.1080280219838405,42.756072629788086,0.020910114598183805
"05/08/2011 09:00 UTC",0.0,0.0,0.0,0.0023531631325967692,9.0489417173493186e-05,0.00010118901760894913,0.0016379560975148051,9.5438499205223642e-07,0.0,0.0,0.0,56.245281855573872,2.1628771517651812,2.4186188952498915,39.150410396797049,0.022811700614003307
"05/08/2011 12:00 UTC",0.0,0.0,0.0,0.0022888914125818857,0.00010028974627835766,0.00010401913702158739,0.0011981979514940526,1.9849055245266164e-06,0.0,0.0,0.0,61.97275824969369,2.7153897152425204,2.8163646368479607,32.441745193782808,0.053742204433024292
"05/08/2011 15:00 UTC",0.0,0.0,0.0,0.0023473436499423244,0.00010715741728495955,0.00010790549141868831,0.00095034443280868298,2.2957251229517099e-06,0.0,0.0,0.0,66.779870630789048,3.0485346547340453,3.0698167085457544,27.036466637176794,0.065311368754351048
"05/08/2011 18:00 UTC",0.0,0.0,0.0,0.0025243262985790598,0.00012280924124945022,0.00010513688544411789,0.001049897601526889,1.3584255593139418e-06,0.0,0.0,0.0,66.368014074235475,3.2288240455592683,2.7641934787924418,27.603253523074738,0.035714878338072853
"05/08/2011 21:00 UTC",0.0,0.0,0.0,0.002608668892436025,0.00011744558520719141,0.00013069731152007445,0.0012447995869701467,6.326182899692481e-07,0.0,0.0,0.0,63.591266048100778,2.8629595257338916,3.1859955599360856,30.344357592145379,0.015421274083872873
"05/08/2011 00:00 UTC",0.0,0.0,0.0,0.0024952573425462382,0.00010123352392147668,0.00010786485918923859,0.001741024368301916,6.6236859009230691e-08,0.0,0.0,0.0,56.130636990215521,2.2772409424826332,2.426412359125107,39.164219714729981,0.0014899934467782533
"06/08/2011 03:00 UTC",0.0,0.0,0.0,0.0025688571489808675,0.00014368873928160013,0.00021373957140182745,0.0018122506763376999,1.3617704246189875e-07,0.0,0.0,0.0,54.210483006166186,3.0322573452918156,4.5105370720286437,38.243848838186125,0.0028737383272321908
"06/08/2011 06:00 UTC",0.0,0.0,0.0,0.0024886868605899053,0.00014723869255409299,0.00025007511946426026,0.0019336785214283617,1.055180061126635e-07,0.0,0.0,0.0,51.634813778542068,3.0548811067473989,5.188512234569763,40.119603612104598,0.0021892680361638513
"06/08/2011 09:00 UTC",0.0,0.0,0.0,0.0023615418556286586,0.00015306172780237711,0.00024920222504254332,0.0019107149816734643,2.2878457385008984e-07,0.0,0.0,0.0,50.516970329253517,3.2742230435202662,5.3308144331436615,40.873098144247521,0.0048940498350384786
"06/08/2011 12:00 UTC",0.0,0.0,0.0,0.0023267612212035439,0.00016260240713581226,0.00024089038278020012,0.0018305445513694919,1.101623365705157e-07,0.0,0.0,0.0,51.015298958707078,3.5651317960113129,5.2816313001179456,40.135522585786468,0.0024153593771979649
"06/08/2011 15:00 UTC",0.0,0.0,0.0,0.0022924127341253115,0.00015399118866841872,0.00023118902818857482,0.0017739141527367015,1.6014696918039052e-07,0.0,0.0,0.0,51.495599402020119,3.4591801227868748,5.1933133176751953,39.848309697057225,0.0035974604605866103
"06/08/2011 18:00 UTC",0.0,0.0,0.0,0.0023138019113342172,0.00015599075239054164,0.00022875043218859947,0.0018539174565234684,2.2436614105029416e-08,0.0,0.0,0.0,50.825053424671495,3.4264983035787573,5.0247399658331888,40.723215462469199,0.00049284344738884664
"06/08/2011 21:00 UTC",0.0,0.0,0.0,0.0024786442753219622,0.00015752580070199884,0.00022792074229525299,0.0019212851312234087,3.6952880115991608e-08,0.0,0.0,0.0,51.795828821105161,3.2917911978347223,4.762822915027086,40.148784867669583,0.00077219836343240633
"06/08/2011 00:00 UTC",0.0,0.0,0.0,0.0025187265089193526,0.00012645036584026575,0.00018725345925041804,0.0022268710641609605,0.0,0.0,0.0,0.0,49.784077102619442,2.4993641589722091,3.7011722471824391,44.015386491225911,0.0
"07/08/2011 03:00 UTC",0.0,0.0,0.0,0.0024198380225579257,0.00017681498382787872,0.00025041156320278353,0.0018404434590675676,0.0,0.0,0.0,0.0,51.623122728851314,3.7720465276423041,5.3421041984769273,39.262726545029466,0.0
"07/08/2011 06:00 UTC",0.0,0.0,0.0,0.0022231635959617168,0.00020516889528386276,0.00022061608806580696,0.0016336019816750418,0.0,0.0,0.0,0.0,51.912138906531446,4.7908108115039942,5.1515115799354616,38.145538702029079,0.0
"07/08/2011 09:00 UTC",0.0,0.0,0.0,0.0020520216691951401,0.00023136499136879667,0.00017801594924122442,0.0014872305864648521,0.0,0.0,0.0,0.0,51.967897933227526,5.8593690492029085,4.5082928799105257,37.664440137659042,0.0
"07/08/2011 12:00 UTC",0.0,0.0,0.0,0.0019925235552315738,0.0002602970046075312,0.00014502560162554299,0.0012811955590854181,9.6096106724546851e-09,0.0,0.0,0.0,54.158623417317756,7.0751120668968435,3.9419292804269408,34.824074037299241,0.00026119805922998201
"07/08/2011 15:00 UTC",0.0,0.0,0.0,0.0020317920564631204,0.00028900788658968614,0.00012646776571695919,0.0011980968302313286,0.0,0.0,0.0,0.0,55.736320324767121,7.9280928833767694,3.4692762373667572,32.866310554489345,0.0
"07/08/2011 18:00 UTC",0.0,0.0,0.0,0.0021625025136215448,0.00032642908756167957,6.7731862132732276e-05,0.0013742253882230934,0.0,0.0,0.0,0.0,55.013066898975438,8.3042054835479195,1.7230673440744428,34.959660273402207,0.0
"07/08/2011 21:00 UTC",0.0,0.0,0.0,0.0022433006215545766,0.00032229530742992131,4.8548896680438698e-05,0.0015422256910289193,0.0,0.0,0.0,0.0,53.972585277093835,7.7542487161680658,1.1680598850714696,37.105106121666644,0.0
"07/08/2011 00:00 UTC",0.0,0.0,0.0,0.0021781457793043639,0.00030891420584535745,3.7670846027288228e-05,0.0019163958859577702,0.0,0.0,0.0,0.0,49.044891488923966,6.9557620288901685,0.84822722760749791,43.151119254578376,0.0
"08/08/2011 03:00 UTC",0.0,0.0,0.0,0.0020826602725396784,0.00036999437582985032,4.163609594214692e-05,0.0018905304065699618,0.0,0.0,0.0,0.0,47.497040378053427,8.4380722291365764,0.94955060900888344,43.115336783801105,0.0
"08/08/2011 06:00 UTC",0.0,0.0,0.0,0.0019772265280457563,0.00039383754571301131,3.7581817130565202e-05,0.0018437444027889511,0.0,0.0,0.0,0.0,46.496826290501922,9.261556877751806,0.88378099222066531,43.357835839525606,0.0
"08/08/2011 09:00 UTC",0.0,0.0,0.0,0.0018951197718894083,0.0004370284938700976,3.3111167359086999e-05,0.0015840893126639185,0.0,0.0,0.0,0.0,47.985627349653456,11.065836977218028,0.83839563154421948,40.110140041584302,0.0
"08/08/2011 12:00 UTC",0.0,0.0,0.0,0.0018646993088018023,0.00045961488048720355,2.5643226894098872e-05,0.0012844638687464268,0.0,0.0,0.0,0.0,51.306636259642012,12.646164119526807,0.7055656150934102,35.341634005737767,0.0
"08/08/2011 15:00 UTC",0.0,0.0,0.0,0.001918213732298582,0.000468117314971363,1.8306803482783353e-05,0.001074314551033396,0.0,0.0,0.0,0.0,55.137682576908908,13.455697603997901,0.52621598022969451,30.88040383886349,0.0
"08/08/2011 18:00 UTC",0.0,0.0,0.0,0.0020453889224501015,0.00045597942077428468,1.7253631932773015e-05,0.0010919729144949408,0.0,0.0,0.0,0.0,56.649637662540023,12.628927772570483,0.47786119628711632,30.243573368602373,0.0
"08/08/2011 21:00 UTC",0.0,0.0,0.0,0.0021645564102790744,0.00039972505183165602,2.7752022301225277e-05,0.0012289582743993813,0.0,0.0,0.0,0.0,56.649072987072891,10.461290603673156,0.726304165331636,32.163332243922319,0.0
"08/08/2011 00:00 UTC",0.0,0.0,0.0,0.0021615325345136108,0.00037139143966383051,3.6812418007573243e-05,0.0016126003094885089,0.0,0.0,0.0,0.0,51.68241317464215,8.8799985786706674,0.88018781445413274,38.557400432233059,0.0
"09/08/2011 03:00 UTC",0.0,0.0,0.0,0.0020843792539329423,0.00043378696921994792,5.1793530582800538e-05,0.0014494692725028368,0.0,0.0,0.0,0.0,51.857595701436018,10.792253486458387,1.2885793042916369,36.061571507813959,0.0
"09/08/2011 06:00 UTC",0.0,0.0,0.0,0.0019864880942360654,0.00045588736489557825,5.6778941462716432e-05,0.0014872336640776433,0.0,0.0,0.0,0.0,49.831779094479899,11.436100989156666,1.4243204761197317,37.307799440243699,0.0
"09/08/2011 09:00 UTC",0.0,0.0,0.0,0.0019499417451872586,0.00044412879455368084,6.2358174673069372e-05,0.0014023540026007007,0.0,0.0,0.0,0.0,50.532561384948934,11.509556954201209,1.6160063741892119,36.341875286660638,0.0
"09/08/2011 12:00 UTC",0.0,0.0,0.0,0.0019806831835527251,0.00041280392111329772,7.9609252255092631e-05,0.0014259085348242142,0.0,0.0,0.0,0.0,50.799710145172519,10.587417368653577,2.0417838516600773,36.571088634513821,0.0
"09/08/2011 15:00 UTC",0.0,0.0,0.0,0.0020936947752200003,0.00036142205943790156,9.474027165898657e-05,0.001253632322493712,0.0,0.0,0.0,0.0,55.04668316837482,9.5023810688208705,2.4908777435096767,32.960058019294642,0.0
"09/08/2011 18:00 UTC",0.0,0.0,0.0,0.0023015081837015599,0.00029099922281625222,0.00013541188636880682,0.0012968001204231513,0.0,0.0,0.0,0.0,57.184313919883678,7.230298386861854,3.3645050117282445,32.220882681526213,0.0
"09/08/2011 21:00 UTC",0.0,0.0,0.0,0.0025081620984485301,0.00029082282910504638,0.00016596431200250879,0.0013798401280426193,0.0,0.0,0.0,0.0,57.728048157021497,6.6936001840240982,3.8198471309147628,31.758504528039634,0.0
"09/08/2011 00:00 UTC",0.0,0.0,0.0,0.002548031243344634,0.00034092421779342071,0.00013602584829430382,0.0017029290537810093,0.0,0.0,0.0,0.0,53.893391532339471,7.2108858164076608,2.8770817939503526,36.018640857302501,0.0
"10/08/2011 03:00 UTC",0.0,0.0,0.0,0.0023771656953529138,0.00045056264031364396,0.00012815392281681595,0.0012479963138077646,0.0,0.0,0.0,0.0,56.546963821015993,10.717784364263515,3.0484687084330155,29.686783106287471,0.0
"10/08/2011 06:00 UTC",0.0,0.0,0.0,0.0021389477802235555,0.00050671612763635954,0.00010954559358121976,0.001166510193151889,0.0,0.0,0.0,0.0,54.541067358092377,12.920763519508602,2.7933050322860429,29.744864090112987,0.0
"10/08/2011 09:00 UTC",0.0,0.0,0.0,0.0019141963342767636,0.00056602404760038927,8.0789399122948533e-05,0.0010441312193016578,0.0,0.0,0.0,0.0,53.096295931741388,15.70046906772888,2.2409497746741738,28.96228522585556,0.0
"10/08/2011 12:00 UTC",0.0,0.0,0.0,0.0018203838870030087,0.00060656674802789755,6.2790334747236969e-05,0.00087926681183805606,0.0,0.0,0.0,0.0,54.033234857347942,18.004314247588706,1.8637634228649613,26.098687472198396,0.0
"10/08/2011 15:00 UTC",0.0,0.0,0.0,0.0018231957000917787,0.00060687138138914188,4.7653058490882086e-05,0.00077056238127530183,0.0,0.0,0.0,0.0,56.127990350784017,18.682838620704313,1.4670232093169893,23.722147819194678,0.0
"10/08/2011 18:00 UTC",0.0,0.0,0.0,0.0019797158616227033,0.00055226271242454306,4.7935437425719189e-05,0.00086232522575400723,0.0,0.0,0.0,0.0,57.512442488382618,16.043705110672068,1.3925655401085781,25.051286860836736,0.0
"10/08/2011 21:00 UTC",0.0,0.0,0.0,0.0021944466270025337,0.00048373306865706747,6.6269287736679872e-05,0.0011234459658422888,0.0,0.0,0.0,0.0,56.734907638443758,12.506365219466334,1.7133166388018262,29.045410503288082,0.0
"10/08/2011 00:00 UTC",0.0,0.0,0.0,0.0021875590015526668,0.00048687671794391809,5.4759950485242842e-05,0.0016010657472327111,0.0,0.0,0.0,0.0,50.517943162882396,11.243587188717669,1.2645876359230857,36.973882012476835,0.0
"11/08/2011 03:00 UTC",0.0,0.0,0.0,0.0021771639661367485,0.00051558951423913554,4.6909367526744912e-05,0.0013191890752937191,0.0,0.0,0.0,0.0,53.639896387799993,12.702841197347956,1.1557299555240674,32.501532459327983,0.0
"11/08/2011 06:00 UTC",0.0,0.0,0.0,0.0019920715710837777,0.00056040896926188351,3.6962309245276667e-05,0.0011963223000736242,0.0,0.0,0.0,0.0,52.620051491051555,14.803056901496877,0.97634976772269444,31.600541839728873,0.0
"11/08/2011 09:00 UTC",0.0,0.0,0.0,0.0018590795502596987,0.00057726922781847073,3.1379204245378903e-05,0.00098937917140323327,0.0,0.0,0.0,0.0,53.775583677109928,16.69804267409447,0.90767230664377707,28.61870134215183,0.0
"11/08/2011 12:00 UTC",0.0,0.0,0.0,0.0018217121751742643,0.00059136835978786995,2.9887053331215238e-05,0.00088903360991007406,0.0,0.0,0.0,0.0,54.673214888293266,17.748143671338681,0.89697006553689085,26.681671374831158,0.0
"11/08/2011 15:00 UTC",0.0,0.0,0.0,0.0018902132325598721,0.00055612338936894925,3.5962210793744404e-05,0.00089902149752741983,1.1820364139147272e-08,0.0,0.0,0.0,55.901436131217316,16.446872551930305,1.0635515587314563,26.587790180983479,0.00034957713743089187
"11/08/2011 18:00 UTC",0.0,0.0,0.0,0.0020630646939021058,0.00043041644388380914,4.5725623101708265e-05,0.0010655432755065969,4.1775906853996373e-09,0.0,0.0,0.0,57.231771472748306,11.94024386500409,1.2684810222098468,29.559387748899617,0.00011589113813064899
"11/08/2011 21:00 UTC",0.0,0.0,0.0,0.00228365880880485,0.00031750167705286243,8.1543590990042713e-05,0.0013017842423698443,5.3807449495377585e-08,0.0,0.0,0.0,57.31295431716358,7.9683353057792754,2.0464984030235507,32.670861569199502,0.0013504048341028661
"11/08/2011 00:00 UTC",0.0,0.0,0.0,0.0022606543548716013,0.00029711435591289384,9.4982732392087156e-05,0.0017759406580744703,0.0,0.0,0.0,0.0,51.045642893823974,6.7088510359291549,2.1447129360213522,40.100793134225526,0.0
"12/08/2011 03:00 UTC",0.0,0.0,0.0,0.0022542532534735116,0.00032530226443739182,0.00010712131551236445,0.00148994634015461,9.6696010277097416e-09,0.0,0.0,0.0,53.972981061887204,7.7886248720344495,2.5647769275987544,35.673385621815555,0.00023151666403959143
"12/08/2011 06:00 UTC",0.0,0.0,0.0,0.0020415899302058827,0.00036611454882450446,7.8031207305676327e-05,0.001301449883030241,5.46442938e-08,0.0,0.0,0.0,53.907062003675442,9.6670537956365923,2.0603712176541498,34.364070130436225,0.0014428525975961289
"12/08/2011 09:00 UTC",0.0,0.0,0.0,0.0018821201727546757,0.00038559981555370219,5.1608118165700184e-05,0.0010632594212404908,1.7917553576856875e-08,0.0,0.0,0.0,55.641138264811033,11.399491362290258,1.5256913347045449,31.433149341371212,0.00052969682295998658
"12/08/2011 12:00 UTC",0.0,0.0,0.0,0.0018126746789329355,0.00040076950475170179,4.6377796786404806e-05,0.00084409351518839734,9.394495841995224e-09,0.0,0.0,0.0,58.399437585690158,12.911701118246208,1.4941662065825521,27.194392424430397,0.00030266505068443335
"12/08/2011 15:00 UTC",0.0,0.0,0.0,0.0018624551691128562,0.00039378793093257483,4.4751474251860648e-05,0.0006818523085560101,0.0,0.0,0.0,0.0,62.43884591659922,13.201748074842149,1.500294048250064,22.859111960308557,0.0
"12/08/2011 18:00 UTC",0.0,0.0,0.0,0.0019791100715385711,0.00034856207792381043,4.4952354648403058e-05,0.00066263907218698612,0.0,0.0,0.0,0.0,65.203894877313047,11.483749900526439,1.4810033303016537,21.831351891858855,0.0
"12/08/2011 21:00 UTC",0.0,0.0,0.0,0.0021075016551308288,0.00030151577988022781,4.736317289801705e-05,0.0007353231664499831,4.7152494642567832e-08,0.0,0.0,0.0,66.029640264201944,9.4467202106352968,1.4839244660204665,23.038237735387305,0.0014773237549913984
"12/08/2011 00:00 UTC",0.0,0.0,0.0,0.0019870093538882816,0.00032183145296905562,2.7701966794934269e-05,0.0010306877322351716,0.0,0.0,0.0,0.0,59.010196967926312,9.5577493850316628,0.82269291474102202,30.609360732301006,0.0
"13/08/2011 03:00 UTC",0.0,0.0,0.0,0.0020185014880659451,0.00036665086078038761,5.0033304130678276e-05,0.0011127892004837358,0.0,0.0,0.0,0.0,56.891651475406292,10.334088484949406,1.4101933130071387,31.364066726637169,0.0
"13/08/2011 06:00 UTC",0.0,0.0,0.0,0.0019186649566466157,0.00040171272045016337,4.4159194040469695e-05,0.0011410602031791154,0.0,0.0,0.0,0.0,54.731474153251902,11.459181187515751,1.2596768283497413,32.549667830882612,0.0
"13/08/2011 09:00 UTC",0.0,0.0,0.0,0.0017934020426728834,0.00044276813205820732,3.8386568516099596e-05,0.0010574629589040004,0.0,0.0,0.0,0.0,53.8232724588946,13.288280731724097,1.152051066544318,31.736395742836997,0.0
"13/08/2011 12:00 UTC",0.0,0.0,0.0,0.0017710011132819879,0.00044131316279925632,3.4663222605855851e-05,0.0009956859890689969,0.0,0.0,0.0,0.0,54.615630637254611,13.609588675038317,1.0689737845675311,30.705806903139539,0.0
"13/08/2011 15:00 UTC",0.0,0.0,0.0,0.0018120212611260269,0.00043332906901852921,3.3029241095043396e-05,0.00095457127003786238,3.6529420018408262e-09,0.0,0.0,0.0,56.048461689328711,13.403500414043052,1.0216426229970084,29.526282282804779,0.00011299082645216015
"13/08/2011 18:00 UTC",0.0,0.0,0.0,0.001990567144028575,0.00035920275155834847,3.6318014080579984e-05,0.0011986330195887134,1.5604599734949717e-08,0.0,0.0,0.0,55.528966361368958,10.020338961200281,1.0131292422072149,33.437130128483773,0.00043530673977215553
"13/08/2011 21:00 UTC",0.0,0.0,0.0,0.0021379878770865983,0.00026859669720023777,3.9177761436759369e-05,0.0015168538027449997,2.5208528600000003e-08,0.0,0.0,0.0,53.953605433071061,6.77822375733738,0.98867795508285006,38.278856699823201,0.00063615468553828358
"13/08/2011 00:00 UTC",0.0,0.0,0.0,0.0019739754185440234,0.00025634388579035862,2.581928786102073e-05,0.0019203349222228663,0.0,0.0,0.0,0.0,47.264167047374983,6.1378070495453425,0.6182078677593873,45.979818035320285,0.0
"14/08/2011 03:00 UTC",0.0,0.0,0.0,0.001990040567234912,0.00031432375541924038,3.2407752588718853e-05,0.0018646797282993498,0.0,0.0,0.0,0.0,47.365545537309742,7.4813128917541256,0.77134652744073029,44.381795043495408,0.0
"14/08/2011 06:00 UTC",0.0,0.0,0.0,0.0018858596295974373,0.00034873843133693841,2.4743618874141089e-05,0.001701085954071387,0.0,0.0,0.0,0.0,47.617575775521018,8.8055751443005281,0.6247713924241195,42.952077687754326,0.0
"14/08/2011 09:00 UTC",0.0,0.0,0.0,0.0017811323462100935,0.00038350604768779218,2.6097428801664679e-05,0.0014546974351983689,8.9214272270042208e-09,0.0,0.0,0.0,48.859157780958725,10.520151707872866,0.7158919965779269,39.904553786330148,0.00024472826033564409
"14/08/2011 12:00 UTC",0.0,0.0,0.0,0.0017566052381628708,0.00040785263420761291,2.9604099732054398e-05,0.0012509673586708714,8.4016544000000004e-09,0.0,0.0,0.0,50.989433921960114,11.838843748169586,0.85932584869517836,36.312152604182991,0.00024387699214194477
"14/08/2011 15:00 UTC",0.0,0.0,0.0,0.0018257583996763461,0.00042493320137017331,2.6018045906483747e-05,0.0010750758157762785,0.0,0.0,0.0,0.0,54.471218995910107,12.67781622944805,0.77624436873408509,32.074720405907755,0.0
"14/08/2011 18:00 UTC",0.0,0.0,0.0,0.0020346192493015491,0.00037334949242738867,1.9619332932818253e-05,0.001244907527246741,0.0,0.0,0.0,0.0,55.40154352381559,10.166097741093795,0.53422345618664902,33.898135278903972,0.0
"14/08/2011 21:00 UTC",0.0,0.0,0.0,0.0021510326277649722,0.00029930022991220398,2.0586012300410357e-05,0.0015692544997317095,0.0,0.0,0.0,0.0,53.241097124496569,7.4081036263485807,0.5095328941760634,38.841266354978792,0.0
"14/08/2011 00:00 UTC",0.0,0.0,0.0,0.0019810064209790979,0.0002732495518257563,8.3376026804440587e-06,0.0021877899825705096,0.0,0.0,0.0,0.0,44.513161509263689,6.1399101506910991,0.1873457101321491,49.159582629913054,0.0
"15/08/2011 03:00 UTC",0.0,0.0,0.0,0.0019475534131796306,0.00040607672158809506,2.6261350929581626e-05,0.0019941342510152809,0.0,0.0,0.0,0.0,44.525421897571292,9.2838210388147484,0.60039315062007437,45.590363912993894,0.0
"15/08/2011 06:00 UTC",0.0,0.0,0.0,0.001858829280225045,0.00045898214616648747,3.2294675789260576e-05,0.001723389481874366,0.0,0.0,0.0,0.0,45.63228907135781,11.267525315679157,0.79280006870932407,42.307385544253727,0.0
"15/08/2011 09:00 UTC",0.0,0.0,0.0,0.001785904892565973,0.00048703858350283331,3.3516878175853768e-05,0.0014462312594167525,0.0,0.0,0.0,0.0,47.589972116667163,12.978380150657816,0.89314235291378352,38.538505379761247,0.0
"15/08/2011 12:00 UTC",0.0,0.0,0.0,0.0017888761329491955,0.00048653666307519114,3.5881726163278872e-05,0.0013993319769263495,0.0,0.0,0.0,0.0,48.209544490029515,13.111981580236151,0.96699913537097693,37.711474794363362,0.0
"15/08/2011 15:00 UTC",0.0,0.0,0.0,0.0018505778351190958,0.00048445699966086328,4.1342516523695924e-05,0.0013212744069533977,0.0,0.0,0.0,0.0,50.04738023224219,13.101747577473869,1.1180749087951805,35.732797281488772,0.0
"15/08/2011 18:00 UTC",0.0,0.0,0.0,0.0019295563595998946,0.00047134987065198457,4.1523354468124194e-05,0.0015928768452017968,0.0,0.0,0.0,0.0,47.816848437883991,11.680646286411484,1.0290012713837167,39.473504004320809,0.0
"15/08/2011 21:00 UTC",0.0,0.0,0.0,0.0020134644904427419,0.00047923694046286933,3.3099874722875617e-05,0.0019543844317924026,0.0,0.0,0.0,0.0,44.941540562151651,10.696809653671901,0.73880585901624329,43.622843925160211,0.0
"15/08/2011 00:00 UTC",0.0,0.0,0.0,0.0019641337038989229,0.00044703860876771633,6.7127952378748062e-06,0.0025740016805177288,0.0,0.0,0.0,0.0,39.346519405335222,8.9553034296478771,0.13447410813570315,51.563703056881202,0.0
"16/08/2011 03:00 UTC",0.0,0.0,0.0,0.0018451112871491016,0.0005883020112305,2.1406491687319489e-05,0.0021645956907487122,0.0,0.0,0.0,0.0,39.942527248562563,12.735421043500198,0.46340260529108818,46.858649102646154,0.0
"16/08/2011 06:00 UTC",0.0,0.0,0.0,0.0017220075142616842,0.00061657682988107464,2.1698052370856605e-05,0.001909771974638393,0.0,0.0,0.0,0.0,40.327531328297994,14.439554541661014,0.50814463903425033,44.724769491006725,0.0
"16/08/2011 09:00 UTC",0.0,0.0,0.0,0.00168351323770027,0.00063261829208103248,2.175223350639702e-05,0.0016340390552796041,0.0,0.0,0.0,0.0,42.385346206387851,15.927255412007771,0.54764995444305187,41.139748427161329,0.0
"16/08/2011 12:00 UTC",0.0,0.0,0.0,0.0017019835318971364,0.00064560097612993976,2.2628039549843693e-05,0.0014814628992348964,0.0,0.0,0.0,0.0,44.188134628683088,16.761562209617871,0.58748562443322716,38.462817537265806,0.0
"16/08/2011 15:00 UTC",0.0,0.0,0.0,0.0017457645836710591,0.00065061535322017468,2.2296603239838427e-05,0.0012883043833408357,0.0,0.0,0.0,0.0,47.093972688588856,17.551084471479211,0.60147607177205897,34.753466768159882,0.0
"16/08/2011 18:00 UTC",0.0,0.0,0.0,0.0018686439953189975,0.00060246092064199415,2.2282035975823887e-05,0.0013389382881831503,0.0,0.0,0.0,0.0,48.760057621322929,15.720506034689658,0.5814234069320896,34.938012937055326,0.0
"16/08/2011 21:00 UTC",0.0,0.0,0.0,0.001928069768630115,0.00057850352898376495,1.9343683949251477e-05,0.001528835096993599,0.0,0.0,0.0,0.0,47.550867014202311,14.267297180588178,0.47706206383243949,37.704773741377068,0.0
"16/08/2011 00:00 UTC",0.0,0.0,0.0,0.0018076438606995241,0.00059182050359244385,8.5346124898872453e-06,0.0018907586666754832,0.0,0.0,0.0,0.0,42.050378519262146,13.767245159614619,0.19853672148456269,43.983839599638678,0.0
"17/08/2011 03:00 UTC",0.0,0.0,0.0,0.0016810727445083387,0.00072684691714073387,1.6096533786259649e-05,0.0015608741428545909,0.0,0.0,0.0,0.0,42.18617331461509,18.240073262659799,0.40393919078755169,39.169814231937551,0.0
"17/08/2011 06:00 UTC",0.0,0.0,0.0,0.0015393294798377965,0.00079565873327025732,1.7957376756886954e-05,0.0013990898085252342,0.0,0.0,0.0,0.0,41.026518046664798,21.206056147861442,0.47860360711393168,37.288822198359824,0.0
"17/08/2011 09:00 UTC",0.0,0.0,0.0,0.001466145453709544,0.00083719787226121554,1.9929527441087976e-05,0.0011619516488410931,0.0,0.0,0.0,0.0,42.067460869788711,24.021347024274302,0.57182908671177435,33.339363019225217,0.0
"17/08/2011 12:00 UTC",0.0,0.0,0.0,0.0014287259078014413,0.00088426439812601073,2.341966252808871e-05,0.00090002128461258641,0.0,0.0,0.0,0.0,44.145102926163297,27.322205509161694,0.72362613931276742,27.809065425362238,0.0
"17/08/2011 15:00 UTC",0.0,0.0,0.0,0.0014682039004778632,0.00087778424242743246,2.6903131057945776e-05,0.00073784919587432149,0.0,0.0,0.0,0.0,47.197891136014,28.217855232174632,0.86484653151892832,23.719407100292447,0.0
"17/08/2011 18:00 UTC",0.0,0.0,0.0,0.0015997571423694815,0.00078634314820069445,3.0001141374507905e-05,0.00081376797860755921,0.0,0.0,0.0,0.0,49.530087412913545,24.345973420214705,0.92886546051960373,25.195073706352144,0.0
"17/08/2011 21:00 UTC",0.0,0.0,0.0,0.0017651811265222636,0.00068603483771730565,2.4675794043153901e-05,0.0011159901323999329,0.0,0.0,0.0,0.0,49.143629446757267,19.099593433093677,0.6869879020009797,31.06978921814807,0.0
"17/08/2011 00:00 UTC",0.0,0.0,0.0,0.0017497123396239649,0.00064481319712805503,5.8711166199305705e-06,0.0016633993657852531,0.0,0.0,0.0,0.0,43.056106442735292,15.867262876589553,0.14447370370593035,40.932156976969232,0.0
"18/08/2011 03:00 UTC",0.0,0.0,0.0,0.0017183094136513307,0.00071318317501477594,1.4583202316060788e-05,0.0017381491312015961,0.0,0.0,0.0,0.0,41.066372998766475,17.044570697756917,0.3485281644097124,41.540528139066893,0.0
"18/08/2011 06:00 UTC",0.0,0.0,0.0,0.0016220655860162123,0.00074955647957964723,1.980367814859345e-05,0.0016626508366767696,0.0,0.0,0.0,0.0,40.01072880196255,18.488957095669058,0.48848801337975289,41.011826088988649,0.0
"18/08/2011 09:00 UTC",0.0,0.0,0.0,0.0014925010649548683,0.0008157302972591578,2.3655943754138603e-05,0.0013881277585727815,0.0,0.0,0.0,0.0,40.120833896113389,21.928144996902578,0.6359098913234581,37.315111215660565,0.0
"18/08/2011 12:00 UTC",0.0,0.0,0.0,0.0014361771569300521,0.0008567015322901465,2.0218118527909555e-05,0.0011327279643215352,0.0,0.0,0.0,0.0,41.678763487078022,24.862016758199555,0.58674250332718092,32.872477251395232,0.0
"18/08/2011 15:00 UTC",0.0,0.0,0.0,0.0014814773373740214,0.00083995185616369432,2.5946664484240654e-05,0.00096293549713571459,0.0,0.0,0.0,0.0,44.753413755651344,25.373802221201856,0.78381341512828195,29.088970608018521,0.0
"18/08/2011 18:00 UTC",0.0,0.0,0.0,0.0016710931924585313,0.00069029294215333496,3.125720613453021e-05,0.0010908309099239551,2.1003554899999999e-08,0.0,0.0,0.0,47.971737306993738,19.816101121884834,0.89729435102910682,31.314264275251951,0.00060294484037330209
"18/08/2011 21:00 UTC",0.0,0.0,0.0,0.0019181219462719239,0.00046337647043591943,4.1073281728977405e-05,0.001458546155684278,5.7361085425938615e-09,0.0,0.0,0.0,49.421820812421771,11.939235112286182,1.0582832722043554,37.580513008037904,0.00014779504979006513
"18/08/2011 00:00 UTC",0.0,0.0,0.0,0.0019785789415322202,0.00038059497997216737,2.1693041732974106e-05,0.0020947341037980587,0.0,0.0,0.0,0.0,44.208116672981426,8.5037735551410218,0.48469560642372661,46.803414165453837,0.0
"19/08/2011 03:00 UTC",0.0,0.0,0.0,0.0019012901931700682,0.00042414526992862937,4.6003594107859439e-05,0.0019698031269973102,0.0,0.0,0.0,0.0,43.795994613895104,9.7701361023334066,1.0596873465214416,45.374181937250036,0.0
"19/08/2011 06:00 UTC",0.0,0.0,0.0,0.0017874576315803101,0.00042271407690325561,5.2831449711508317e-05,0.00200655283481898,0.0,0.0,0.0,0.0,41.865187726896878,9.9006565927443066,1.237399153400315,46.996756526958492,0.0
"19/08/2011 09:00 UTC",0.0,0.0,0.0,0.0016715820870133651,0.00044211675299224385,5.5792831673950137e-05,0.0018277039885970805,0.0,0.0,0.0,0.0,41.818870755445523,11.060673296178994,1.3957993657505574,45.724656582624931,0.0
"19/08/2011 12:00 UTC",0.0,0.0,0.0,0.0016241247542398457,0.00045879038238968702,5.3583403290136575e-05,0.0016299874361288933,0.0,0.0,0.0,0.0,43.120424835451594,12.180859966217266,1.4226364741798712,43.276078724151269,0.0
"19/08/2011 15:00 UTC",0.0,0.0,0.0,0.0016556598880654004,0.00044727845184044679,5.7351910778841289e-05,0.001508199991846939,0.0,0.0,0.0,0.0,45.131914728027965,12.19243945792206,1.563365498807016,41.112280315242963,0.0
"19/08/2011 18:00 UTC",0.0,0.0,0.0,0.0017873612051619732,0.0004171251384333104,6.5456111640498541e-05,0.0015469729223666171,0.0,0.0,0.0,0.0,46.827373109977273,10.928330789857021,1.7148955416877725,40.529400558477938,0.0
"19/08/2011 21:00 UTC",0.0,0.0,0.0,0.0021052082482764796,0.00038442869170945911,6.6165380955496126e-05,0.0016891887106052612,0.0,0.0,0.0,0.0,49.592760800472888,9.0560542732027756,1.5586695110493143,39.79251541527502,0.0
"19/08/2011 00:00 UTC",0.0,0.0,0.0,0.0022421697313400701,0.00034957722902528941,5.2271193710471439e-05,0.0022603756731624383,0.0,0.0,0.0,0.0,45.71757102554438,7.1278376357907849,1.0658033500524582,46.088787988612381,0.0
"20/08/2011 03:00 UTC",0.0,0.0,0.0,0.0020312627061665231,0.00037705794037271647,8.4741009546958595e-05,0.0019653548522919964,0.0,0.0,0.0,0.0,45.560182687046002,8.4572165849501602,1.9006974648446251,44.081903263159219,0.0
"20/08/2011 06:00 UTC",0.0,0.0,0.0,0.0018461978924489105,0.00039319791448751053,0.00010141426145020014,0.0018038673741929529,0.0,0.0,0.0,0.0,44.543825617944101,9.4868158001407963,2.4468553429113582,43.522503239003754,0.0
"20/08/2011 09:00 UTC",0.0,0.0,0.0,0.0017117502922512841,0.00046068959132806818,0.00010690521320627605,0.0015254161256726263,0.0,0.0,0.0,0.0,44.989690342389551,12.108239240054514,2.8097745681187485,40.092295849437178,0.0
"20/08/2011 12:00 UTC",0.0,0.0,0.0,0.0016374252056581043,0.00053952070511090427,0.00011029109739166268,0.0012958708223204428,0.0,0.0,0.0,0.0,45.698462985922546,15.057339344388676,3.0780847970420582,36.166112872646721,0.0
"20/08/2011 15:00 UTC",0.0,0.0,0.0,0.0017161101289616466,0.00048415635909042787,0.00011383693653977668,0.001151232234648354,0.0,0.0,0.0,0.0,49.522190567187764,13.971413066420874,3.2850190496333074,33.221377316758065,0.0
"20/08/2011 18:00 UTC",0.0,0.0,0.0,0.0020123197090210548,0.00032525198202361741,0.00016153292646518477,0.0012357710303697936,0.0,0.0,0.0,0.0,53.879162219590405,8.7085090023885598,4.3249880770967479,33.087340700924294,0.0
"20/08/2011 21:00 UTC",0.0,0.0,0.0,0.0023064891137819766,0.00019272304710818484,0.00021913025578546415,0.0012805958133251111,0.0,0.0,0.0,0.0,57.677537914396638,4.8193554394599722,5.4797109428075306,32.023395703335858,0.0
"20/08/2011 00:00 UTC",0.0,0.0,0.0,0.0023973376487864233,0.00017315542359472367,0.0002260812825144255,0.0016900368709487537,0.0,0.0,0.0,0.0,53.433148719839728,3.859381053506322,5.0390210146162087,37.668449212037736,0.0
